{
  "schema": "lerobot.policy_bench.v1",
  "created": "2026-06-17T13:34:11",
  "device": "mps",
  "dtype": "float16",
  "platform": "macOS-14.4-arm64-arm-64bit-Mach-O",
  "policy_path": "su-dm/act-baseline-seed1000",
  "revision": "chunk100",
  "policy_type": "act",
  "native_hw": [
    1080,
    1920
  ],
  "n_action_steps": 100,
  "chunk_size": 100,
  "image_features": [
    "observation.images.front"
  ],
  "n": 30,
  "warmup": 10,
  "by_resolution": {
    "1080x1920": {
      "predict_action_chunk": {
        "count": 30,
        "mean_ms": 184.441600034188,
        "p50_ms": 176.23891650873702,
        "p95_ms": 223.14885610176125,
        "min_ms": 166.34670899657067,
        "max_ms": 320.98291600414086
      },
      "submodule": {
        "backbone": {
          "count": 10,
          "mean_ms": 86.84642929583788,
          "p50_ms": 86.5502709930297,
          "p95_ms": 94.87178964845953
        },
        "encoder": {
          "count": 10,
          "mean_ms": 75.2387499960605,
          "p50_ms": 73.5616459933226,
          "p95_ms": 86.77967689800424
        },
        "decoder": {
          "count": 10,
          "mean_ms": 15.323503997933585,
          "p50_ms": 13.056270996457897,
          "p95_ms": 25.73839985125231
        }
      }
    },
    "480x640": {
      "predict_action_chunk": {
        "count": 30,
        "mean_ms": 106.12529726689293,
        "p50_ms": 101.45520850346657,
        "p95_ms": 125.09401044808328,
        "min_ms": 93.02445899811573,
        "max_ms": 169.78583400486968
      },
      "submodule": {
        "backbone": {
          "count": 10,
          "mean_ms": 48.51807080121944,
          "p50_ms": 47.884604005957954,
          "p95_ms": 53.24940884820535
        },
        "encoder": {
          "count": 10,
          "mean_ms": 27.85335000080522,
          "p50_ms": 27.40687500045169,
          "p95_ms": 34.96655435083084
        },
        "decoder": {
          "count": 10,
          "mean_ms": 11.241966698435135,
          "p50_ms": 11.137395995319821,
          "p95_ms": 13.27398315697792
        }
      }
    },
    "256x256": {
      "predict_action_chunk": {
        "count": 30,
        "mean_ms": 103.78866390140804,
        "p50_ms": 98.26129200519063,
        "p95_ms": 140.5605624961026,
        "min_ms": 90.0976250122767,
        "max_ms": 182.9005839972524
      },
      "submodule": {
        "backbone": {
          "count": 10,
          "mean_ms": 46.148604396148585,
          "p50_ms": 44.80195849464508,
          "p95_ms": 54.22400885508977
        },
        "encoder": {
          "count": 10,
          "mean_ms": 22.76064600009704,
          "p50_ms": 22.68781250313623,
          "p95_ms": 25.090885898680426
        },
        "decoder": {
          "count": 10,
          "mean_ms": 11.232187399582472,
          "p50_ms": 10.916562496277038,
          "p95_ms": 12.37858110180241
        }
      }
    }
  }
}
