{
  "schema": "lerobot.policy_bench.v1",
  "created": "2026-06-17T12:54:05",
  "device": "mps",
  "dtype": "float32",
  "platform": "macOS-14.4-arm64-arm-64bit-Mach-O",
  "policy_path": "su-dm/act-baseline-seed1000",
  "revision": "chunk100",
  "policy_type": "act",
  "native_hw": [
    1080,
    1920
  ],
  "n_action_steps": 100,
  "chunk_size": 100,
  "image_features": [
    "observation.images.front"
  ],
  "n": 30,
  "warmup": 10,
  "by_resolution": {
    "1080x1920": {
      "predict_action_chunk": {
        "count": 30,
        "mean_ms": 145.80943623247245,
        "p50_ms": 143.0237294989638,
        "p95_ms": 154.09970829568917,
        "min_ms": 141.88091599498875,
        "max_ms": 198.3957089978503
      },
      "submodule": {
        "backbone": {
          "count": 10,
          "mean_ms": 77.18313739896985,
          "p50_ms": 77.14972899702843,
          "p95_ms": 77.54295205086237
        },
        "encoder": {
          "count": 10,
          "mean_ms": 54.44417090184288,
          "p50_ms": 53.50975000328617,
          "p95_ms": 59.048459898622234
        },
        "decoder": {
          "count": 10,
          "mean_ms": 3.7998583997250535,
          "p50_ms": 3.644583499408327,
          "p95_ms": 4.4765707971237125
        }
      }
    },
    "720x1280": {
      "predict_action_chunk": {
        "count": 30,
        "mean_ms": 64.04013479914283,
        "p50_ms": 64.01295850082533,
        "p95_ms": 64.5002607438073,
        "min_ms": 63.52979099028744,
        "max_ms": 65.56583399651572
      },
      "submodule": {
        "backbone": {
          "count": 10,
          "mean_ms": 36.908116698032245,
          "p50_ms": 36.88193749258062,
          "p95_ms": 37.31994114787085
        },
        "encoder": {
          "count": 10,
          "mean_ms": 20.367895896197297,
          "p50_ms": 20.31939599692123,
          "p95_ms": 20.724235597299412
        },
        "decoder": {
          "count": 10,
          "mean_ms": 3.092666705197189,
          "p50_ms": 3.0294375101220794,
          "p95_ms": 3.460798099695239
        }
      }
    },
    "480x640": {
      "predict_action_chunk": {
        "count": 30,
        "mean_ms": 25.00375696642247,
        "p50_ms": 24.94441699673189,
        "p95_ms": 25.48111510113813,
        "min_ms": 24.370584011194296,
        "max_ms": 26.258417012286372
      },
      "submodule": {
        "backbone": {
          "count": 10,
          "mean_ms": 14.671287802048028,
          "p50_ms": 14.571354498912115,
          "p95_ms": 15.120058861066354
        },
        "encoder": {
          "count": 10,
          "mean_ms": 7.010687602451071,
          "p50_ms": 6.970271002501249,
          "p95_ms": 7.27678345356253
        },
        "decoder": {
          "count": 10,
          "mean_ms": 2.176096200128086,
          "p50_ms": 2.142375502444338,
          "p95_ms": 2.3323545079620085
        }
      }
    },
    "256x256": {
      "predict_action_chunk": {
        "count": 30,
        "mean_ms": 9.767466567185087,
        "p50_ms": 9.753978498338256,
        "p95_ms": 9.9746062522172,
        "min_ms": 9.52470800257288,
        "max_ms": 10.311209000064991
      },
      "submodule": {
        "backbone": {
          "count": 10,
          "mean_ms": 4.840766696725041,
          "p50_ms": 4.812624996702652,
          "p95_ms": 5.006470644730143
        },
        "encoder": {
          "count": 10,
          "mean_ms": 3.4474957021302544,
          "p50_ms": 3.3729790011420846,
          "p95_ms": 3.7544207989412826
        },
        "decoder": {
          "count": 10,
          "mean_ms": 1.8857790011679754,
          "p50_ms": 1.8075414991471916,
          "p95_ms": 2.4277453412651075
        }
      }
    }
  }
}
