{
  "schema": "lerobot.stage_profile.v1",
  "device": "mps",
  "created": "2026-06-17T14:39:40",
  "wall_duration_s": 40.37450695037842,
  "meta": {
    "source": "base_strategy",
    "fps": 30.0,
    "interpolation_multiplier": 1,
    "robot": "so100_follower",
    "policy_type": "act",
    "policy_path": "su-dm/act-baseline-seed1000",
    "use_torch_compile": false
  },
  "stages": {
    "loop.get_observation": {
      "count": 1037,
      "total_ms": 1228.790242850664,
      "mean_ms": 1.1849471965773037,
      "p50_ms": 1.136834005592391,
      "p95_ms": 1.301491798949428,
      "p99_ms": 1.5353751130169293,
      "min_ms": 1.0324589966330677,
      "max_ms": 7.954125001560897
    },
    "loop.observation_processor": {
      "count": 1037,
      "total_ms": 197.72323293727823,
      "mean_ms": 0.1906684984930359,
      "p50_ms": 0.13866700464859605,
      "p95_ms": 0.4396172036649657,
      "p99_ms": 0.5431770032737423,
      "min_ms": 0.00608300615567714,
      "max_ms": 1.918791007483378
    },
    "dispatch.build_dataset_frame": {
      "count": 1037,
      "total_ms": 19.064567968598567,
      "mean_ms": 0.01838434712497451,
      "p50_ms": 0.01720899308566004,
      "p95_ms": 0.02300000051036477,
      "p99_ms": 0.03533499781042353,
      "min_ms": 0.011916999937966466,
      "max_ms": 0.4105419939151034
    },
    "infer.prepare_observation": {
      "count": 1037,
      "total_ms": 7346.581837860867,
      "mean_ms": 7.0844569313991,
      "p50_ms": 6.599708998692222,
      "p95_ms": 7.7617589966394,
      "p99_ms": 10.356136884074678,
      "min_ms": 5.666875003953464,
      "max_ms": 294.0687079972122
    },
    "infer.preprocess": {
      "count": 1037,
      "total_ms": 6985.012215838651,
      "mean_ms": 6.735788057703617,
      "p50_ms": 6.882000001496635,
      "p95_ms": 7.141458001569844,
      "p99_ms": 8.453682877589017,
      "min_ms": 2.27295899821911,
      "max_ms": 278.759082997567
    },
    "infer.select_action": {
      "count": 1037,
      "total_ms": 2691.5356770332437,
      "mean_ms": 2.5955020993570335,
      "p50_ms": 0.4881249915342778,
      "p95_ms": 0.5914250039495526,
      "p99_ms": 96.7326935223684,
      "min_ms": 0.36541699955705553,
      "max_ms": 607.7362500072923
    },
    "infer.postprocess": {
      "count": 1037,
      "total_ms": 525.7610489352373,
      "mean_ms": 0.5070019758295442,
      "p50_ms": 0.4074159951414913,
      "p95_ms": 0.8209087885916233,
      "p99_ms": 1.1437216447666374,
      "min_ms": 0.28845899214502424,
      "max_ms": 15.115332993445918
    },
    "infer.to_cpu": {
      "count": 1037,
      "total_ms": 10.968462680466473,
      "mean_ms": 0.010577109624364969,
      "p50_ms": 0.009334005881100893,
      "p95_ms": 0.01375000283587724,
      "p99_ms": 0.019273880752734857,
      "min_ms": 0.007000009645707905,
      "max_ms": 0.26395899476483464
    },
    "infer.make_robot_action": {
      "count": 1037,
      "total_ms": 41.96974204387516,
      "mean_ms": 0.040472268123312595,
      "p50_ms": 0.03858399577438831,
      "p95_ms": 0.04850839322898537,
      "p99_ms": 0.06717812444549055,
      "min_ms": 0.032333991839550436,
      "max_ms": 0.35920900700148195
    },
    "dispatch.get_action": {
      "count": 1037,
      "total_ms": 17689.361147684394,
      "mean_ms": 17.05820747124821,
      "p50_ms": 14.45600000442937,
      "p95_ms": 16.50879980006721,
      "p99_ms": 128.76232135983696,
      "min_ms": 8.790249994490296,
      "max_ms": 1196.326624994981
    },
    "dispatch.robot_action_processor": {
      "count": 1037,
      "total_ms": 4.780845847562887,
      "mean_ms": 0.004610266005364404,
      "p50_ms": 0.004375004209578037,
      "p95_ms": 0.005966390017420051,
      "p99_ms": 0.008387111593037852,
      "min_ms": 0.003416003892198205,
      "max_ms": 0.029167000320740044
    },
    "dispatch.robot_send": {
      "count": 1037,
      "total_ms": 125.90169608301949,
      "mean_ms": 0.12140954299230423,
      "p50_ms": 0.11666699720080942,
      "p95_ms": 0.13750839862041175,
      "p99_ms": 0.19628512614872393,
      "min_ms": 0.09408299229107797,
      "max_ms": 1.1259169987170026
    },
    "loop.send_next_action": {
      "count": 1037,
      "total_ms": 17891.62505204149,
      "mean_ms": 17.253254630705392,
      "p50_ms": 14.64158299495466,
      "p95_ms": 16.70433360268362,
      "p99_ms": 129.50956500776618,
      "min_ms": 8.9792920043692,
      "max_ms": 1196.8627079913858
    },
    "loop.compute": {
      "count": 1037,
      "total_ms": 19340.087582953856,
      "mean_ms": 18.65003624199986,
      "p50_ms": 16.014084001653828,
      "p95_ms": 18.215850202250294,
      "p99_ms": 131.81868688728213,
      "min_ms": 10.237709007924423,
      "max_ms": 1198.3116249903105
    },
    "loop.sleep": {
      "count": 1024,
      "total_ms": 17850.859439073247,
      "mean_ms": 17.432479920969968,
      "p50_ms": 17.334895994281396,
      "p95_ms": 20.77877050905954,
      "p99_ms": 21.92589299273095,
      "min_ms": 1.2149999965913594,
      "max_ms": 23.10287499858532
    }
  }
}
