{
  "schema": "lerobot.stage_profile.v1",
  "device": "mps",
  "created": "2026-07-03T12:01:13",
  "wall_duration_s": 43.237393856048584,
  "meta": {
    "source": "base_strategy",
    "fps": 30.0,
    "interpolation_multiplier": 1,
    "robot": "so100_follower",
    "policy_type": "act",
    "policy_path": "su-dm/act-baseline-seed1000",
    "use_torch_compile": false
  },
  "stages": {
    "loop.get_observation": {
      "count": 1123,
      "total_ms": 1726.72415926354,
      "mean_ms": 1.5375994294421549,
      "p50_ms": 1.3753749954048544,
      "p95_ms": 2.105291603947977,
      "p99_ms": 5.7141454558586675,
      "min_ms": 1.0671670024748892,
      "max_ms": 22.887166996952146
    },
    "loop.observation_processor": {
      "count": 1123,
      "total_ms": 336.287241167156,
      "mean_ms": 0.2994543554471559,
      "p50_ms": 0.25512499269098043,
      "p95_ms": 0.858858396532013,
      "p99_ms": 1.313218777067958,
      "min_ms": 0.005332985892891884,
      "max_ms": 4.230791993904859
    },
    "dispatch.build_dataset_frame": {
      "count": 1123,
      "total_ms": 39.28660729434341,
      "mean_ms": 0.03498362181152574,
      "p50_ms": 0.029417016776278615,
      "p95_ms": 0.04657470562960951,
      "p99_ms": 0.09198621031828207,
      "min_ms": 0.006500020390376449,
      "max_ms": 4.875000013271347
    },
    "dispatch.get_action": {
      "count": 1123,
      "total_ms": 274.6726678160485,
      "mean_ms": 0.24458830615854718,
      "p50_ms": 0.12679101200774312,
      "p95_ms": 0.36351669405121034,
      "p99_ms": 1.2624069803860032,
      "min_ms": 0.006082991603761911,
      "max_ms": 53.4650839981623
    },
    "loop.send_next_action": {
      "count": 1123,
      "total_ms": 665.1932671084069,
      "mean_ms": 0.5923359457777443,
      "p50_ms": 0.42287498945370317,
      "p95_ms": 0.8931706019211545,
      "p99_ms": 1.7459639883600164,
      "min_ms": 0.02745899837464094,
      "max_ms": 53.98387499735691
    },
    "loop.compute": {
      "count": 1123,
      "total_ms": 2772.901773219928,
      "mean_ms": 2.4691912495279857,
      "p50_ms": 2.136541996151209,
      "p95_ms": 3.659157693618902,
      "p99_ms": 7.2250249853823325,
      "min_ms": 1.196333992993459,
      "max_ms": 55.49529200652614
    },
    "infer.prepare_observation": {
      "count": 14,
      "total_ms": 128.55245798709802,
      "mean_ms": 9.182318427649859,
      "p50_ms": 6.174395995913073,
      "p95_ms": 22.024274457362477,
      "p99_ms": 27.05692129733506,
      "min_ms": 2.9826250101905316,
      "max_ms": 28.315083007328212
    },
    "loop.sleep": {
      "count": 1119,
      "total_ms": 37218.340303137666,
      "mean_ms": 33.26035773292016,
      "p50_ms": 31.274792010663077,
      "p95_ms": 31.957746495027095,
      "p99_ms": 148.43998449563503,
      "min_ms": 23.892958008218557,
      "max_ms": 299.73704199073836
    },
    "infer.preprocess": {
      "count": 14,
      "total_ms": 617.6045400206931,
      "mean_ms": 44.11461000147808,
      "p50_ms": 26.128791490918957,
      "p95_ms": 142.78856828750568,
      "p99_ms": 269.3929464573737,
      "min_ms": 4.513125022640452,
      "max_ms": 301.04404099984095
    },
    "infer.predict_chunk": {
      "count": 14,
      "total_ms": 2286.291376920417,
      "mean_ms": 163.30652692288692,
      "p50_ms": 153.43704199767672,
      "p95_ms": 209.99759779515438,
      "p99_ms": 270.17808597389364,
      "min_ms": 146.35724999243394,
      "max_ms": 285.2232080185786
    },
    "infer.postprocess": {
      "count": 14,
      "total_ms": 37.85179101396352,
      "mean_ms": 2.7036993581402515,
      "p50_ms": 1.20983348460868,
      "p95_ms": 9.177697601262475,
      "p99_ms": 17.23867312772198,
      "min_ms": 0.8192920067813247,
      "max_ms": 19.253917009336874
    },
    "infer.to_cpu": {
      "count": 14,
      "total_ms": 0.3968730161432177,
      "mean_ms": 0.028348072581658407,
      "p50_ms": 0.021062485757283866,
      "p95_ms": 0.07514145981986076,
      "p99_ms": 0.08302829752210526,
      "min_ms": 0.015041005099192262,
      "max_ms": 0.0850000069476664
    },
    "infer.make_robot_action": {
      "count": 14,
      "total_ms": 32.48933397117071,
      "mean_ms": 2.3206667122264792,
      "p50_ms": 2.5631874887039885,
      "p95_ms": 2.9794919057167135,
      "p99_ms": 3.1291655867244117,
      "min_ms": 0.964625010965392,
      "max_ms": 3.1665840069763362
    },
    "dispatch.robot_action_processor": {
      "count": 1111,
      "total_ms": 8.419579797191545,
      "mean_ms": 0.0075783796554379345,
      "p50_ms": 0.006999995093792677,
      "p95_ms": 0.013083481462672353,
      "p99_ms": 0.01886187819764023,
      "min_ms": 0.0027919886633753777,
      "max_ms": 0.05387500277720392
    },
    "dispatch.robot_send": {
      "count": 1111,
      "total_ms": 205.51000014529563,
      "mean_ms": 0.18497749788055412,
      "p50_ms": 0.13366597704589367,
      "p95_ms": 0.2429999876767397,
      "p99_ms": 0.3630625113146394,
      "min_ms": 0.05395800690166652,
      "max_ms": 43.57425001217052
    },
    "diag.seam_jump": {
      "count": 13,
      "total_ms": 339.8427143096924,
      "mean_ms": 26.14174725459172,
      "p50_ms": 25.656269073486328,
      "p95_ms": 36.62097854614256,
      "p99_ms": 43.2369398498535,
      "min_ms": 12.549858093261719,
      "max_ms": 44.89093017578125
    }
  }
}
