{
  "schema": "lerobot.stage_profile.v1",
  "device": "mps",
  "created": "2026-07-03T11:53:58",
  "wall_duration_s": 43.22863411903381,
  "meta": {
    "source": "base_strategy",
    "fps": 30.0,
    "interpolation_multiplier": 1,
    "robot": "so100_follower",
    "policy_type": "act",
    "policy_path": "su-dm/act-baseline-seed1000",
    "use_torch_compile": false
  },
  "stages": {
    "loop.get_observation": {
      "count": 1130,
      "total_ms": 1479.783651418984,
      "mean_ms": 1.309543054353083,
      "p50_ms": 1.2048130010953173,
      "p95_ms": 1.5037793447845613,
      "p99_ms": 3.310504647379317,
      "min_ms": 1.059875008650124,
      "max_ms": 19.129334017634392
    },
    "loop.observation_processor": {
      "count": 1130,
      "total_ms": 280.566462490242,
      "mean_ms": 0.2482889048586212,
      "p50_ms": 0.22377049026545137,
      "p95_ms": 0.5427834490546956,
      "p99_ms": 1.0101331296027638,
      "min_ms": 0.004583998816087842,
      "max_ms": 3.9462079876102507
    },
    "dispatch.build_dataset_frame": {
      "count": 1130,
      "total_ms": 23.66288282792084,
      "mean_ms": 0.02094060427249632,
      "p50_ms": 0.017687503714114428,
      "p95_ms": 0.03192486183252185,
      "p99_ms": 0.0501575035741553,
      "min_ms": 0.005916983354836702,
      "max_ms": 1.6525000100955367
    },
    "dispatch.get_action": {
      "count": 1130,
      "total_ms": 210.8299924293533,
      "mean_ms": 0.18657521453925072,
      "p50_ms": 0.07564549741800874,
      "p95_ms": 0.18583765049697798,
      "p99_ms": 1.1198931551189168,
      "min_ms": 0.006041023880243301,
      "max_ms": 73.97141598630697
    },
    "loop.send_next_action": {
      "count": 1130,
      "total_ms": 456.3423782819882,
      "mean_ms": 0.40384281263892763,
      "p50_ms": 0.2663335035322234,
      "p95_ms": 0.571610452607274,
      "p99_ms": 1.7106452950974946,
      "min_ms": 0.026458001229912043,
      "max_ms": 74.27508299588226
    },
    "loop.compute": {
      "count": 1130,
      "total_ms": 2247.8214524162468,
      "mean_ms": 1.9892225242621653,
      "p50_ms": 1.7298545135417953,
      "p95_ms": 2.6600856013828875,
      "p99_ms": 6.340100821107634,
      "min_ms": 1.2097909930162132,
      "max_ms": 75.82887497846968
    },
    "loop.sleep": {
      "count": 1129,
      "total_ms": 37753.96716670366,
      "mean_ms": 33.44018349575169,
      "p50_ms": 31.641041015973315,
      "p95_ms": 31.963799992809072,
      "p99_ms": 150.67920898902247,
      "min_ms": 10.857124987524003,
      "max_ms": 274.63679198990576
    },
    "infer.prepare_observation": {
      "count": 14,
      "total_ms": 171.1835410387721,
      "mean_ms": 12.22739578848372,
      "p50_ms": 4.269771001418121,
      "p95_ms": 46.52041018416636,
      "p99_ms": 99.49218203953924,
      "min_ms": 2.582542016170919,
      "max_ms": 112.73512500338256
    },
    "infer.preprocess": {
      "count": 14,
      "total_ms": 634.3425010563806,
      "mean_ms": 45.310178646884324,
      "p50_ms": 24.543812993215397,
      "p95_ms": 146.43561459961342,
      "p99_ms": 252.72069013095444,
      "min_ms": 5.01116702798754,
      "max_ms": 279.2919590137899
    },
    "infer.predict_chunk": {
      "count": 14,
      "total_ms": 2516.2927910569124,
      "mean_ms": 179.73519936120803,
      "p50_ms": 155.67900000314694,
      "p95_ms": 278.4706143589573,
      "p99_ms": 456.7830556802798,
      "min_ms": 147.49529099208303,
      "max_ms": 501.36116601061076
    },
    "infer.postprocess": {
      "count": 14,
      "total_ms": 32.45354202226736,
      "mean_ms": 2.3181101444476684,
      "p50_ms": 1.2072704994352534,
      "p95_ms": 7.200054590066423,
      "p99_ms": 15.780010912276326,
      "min_ms": 0.7107080018613487,
      "max_ms": 17.924999992828816
    },
    "infer.to_cpu": {
      "count": 14,
      "total_ms": 0.5931249761488289,
      "mean_ms": 0.04236606972491635,
      "p50_ms": 0.02612550451885909,
      "p95_ms": 0.11891600297531107,
      "p99_ms": 0.18911600782303128,
      "min_ms": 0.013416982255876064,
      "max_ms": 0.20666600903496146
    },
    "infer.make_robot_action": {
      "count": 14,
      "total_ms": 31.954624981153756,
      "mean_ms": 2.282473212939554,
      "p50_ms": 2.260875000501983,
      "p95_ms": 2.8132606501458213,
      "p99_ms": 2.888119336566888,
      "min_ms": 1.3114579778630286,
      "max_ms": 2.9068340081721544
    },
    "dispatch.robot_action_processor": {
      "count": 1109,
      "total_ms": 6.148006417788565,
      "mean_ms": 0.005543738879881483,
      "p50_ms": 0.004749977961182594,
      "p95_ms": 0.008858588989824053,
      "p99_ms": 0.01328971004113559,
      "min_ms": 0.0026669877115637064,
      "max_ms": 0.17383298836648464
    },
    "dispatch.robot_send": {
      "count": 1109,
      "total_ms": 122.60468921158463,
      "mean_ms": 0.11055427340990498,
      "p50_ms": 0.09170800331048667,
      "p95_ms": 0.16865039942786086,
      "p99_ms": 0.30760608031414544,
      "min_ms": 0.05324999801814556,
      "max_ms": 8.324583002831787
    },
    "diag.seam_jump": {
      "count": 13,
      "total_ms": 344.47805404663086,
      "mean_ms": 26.498311849740837,
      "p50_ms": 26.802284240722656,
      "p95_ms": 34.41607818603515,
      "p99_ms": 35.814007873535154,
      "min_ms": 14.109161376953125,
      "max_ms": 36.163490295410156
    }
  }
}
